route_long_name,trip_headsign,arrival_time
南北線,浦和美園,00:02:00
山手線,外回り・品川,00:04:00
山手線,外回り・品川,00:09:00
山手線,外回り・品川,00:16:00
山手線,外回り・池袋,00:28:00
南北線,奥沢,00:42:00
山手線,外回り・池袋,00:46:00
山手線,内回り,01:12:00
山手線,外回り,04:31:00
山手線,外回り,04:50:00
山手線,内回り,04:54:00
山手線,外回り,05:09:00
三田線,西高島平,05:12:00
山手線,内回り,05:14:00
南北線,日吉,05:14:00
山手線,外回り,05:23:00
三田線,日吉,05:25:00
三田線,西高島平,05:25:00
山手線,外回り,05:29:00
山手線,内回り,05:31:00
山手線,外回り,05:37:00
南北線,浦和美園,05:38:00
南北線,日吉,05:40:00
山手線,外回り,05:44:00
南北線,浦和美園,05:47:00
三田線,日吉,05:48:00
山手線,内回り,05:49:00
山手線,外回り,05:50:00
三田線,西高島平,05:52:00
山手線,外回り,05:55:00
南北線,日吉,05:55:00
山手線,外回り,06:00:00
南北線,浦和美園,06:00:00
山手線,内回り,06:01:00
三田線,西高島平,06:03:00
三田線,日吉,06:04:00
山手線,外回り,06:05:00
南北線,浦和美園,06:09:00
山手線,内回り,06:10:00
山手線,外回り,06:11:00
南北線,日吉,06:13:00
山手線,外回り,06:16:00
山手線,内回り,06:19:00
三田線,西高島平,06:19:00
山手線,外回り,06:21:00
南北線,浦和美園,06:22:00
南北線,日吉,06:23:00
山手線,内回り,06:24:00
三田線,日吉,06:26:00
山手線,外回り,06:27:00
南北線,浦和美園,06:29:00
山手線,外回り,06:31:00
山手線,内回り,06:32:00
山手線,外回り,06:34:00
南北線,日吉,06:34:00
山手線,外回り,06:38:00
山手線,内回り,06:39:00
南北線,浦和美園,06:39:00
三田線,日吉,06:40:00
山手線,外回り,06:42:00
山手線,内回り,06:43:00
山手線,外回り,06:46:00
山手線,内回り,06:47:00
南北線,日吉,06:47:00
南北線,浦和美園,06:48:00
山手線,外回り,06:49:00
三田線,西高島平,06:51:00
山手線,内回り,06:52:00
山手線,外回り,06:52:00
三田線,日吉,06:52:00
山手線,外回り,06:55:00
三田線,西高島平,06:55:00
南北線,日吉,06:55:00
山手線,内回り,06:57:00
山手線,外回り,06:58:00
南北線,浦和美園,06:59:00
山手線,内回り,07:01:00
三田線,日吉,07:01:00
山手線,外回り,07:02:00
山手線,内回り,07:04:00
山手線,外回り,07:04:00
三田線,西高島平,07:04:00
南北線,日吉,07:04:00
山手線,外回り,07:07:00
三田線,日吉,07:07:00
山手線,内回り,07:08:00
南北線,浦和美園,07:09:00
山手線,外回り,07:10:00
山手線,内回り,07:11:00
三田線,日吉,07:12:00
山手線,外回り,07:13:00
三田線,西高島平,07:13:00
山手線,内回り,07:14:00
南北線,日吉,07:15:00
山手線,外回り,07:16:00
南北線,浦和美園,07:16:00
三田線,日吉,07:18:00
山手線,内回り,07:19:00
山手線,外回り,07:19:00
三田線,西高島平,07:20:00
南北線,日吉,07:21:00
山手線,内回り,07:22:00
山手線,外回り,07:22:00
南北線,浦和美園,07:22:00
山手線,外回り,07:24:00
三田線,日吉,07:24:00
山手線,内回り,07:25:00
三田線,西高島平,07:25:00
山手線,外回り,07:27:00
三田線,日吉,07:27:00
山手線,内回り,07:29:00
南北線,浦和美園,07:29:00
南北線,日吉,07:29:00
山手線,外回り,07:30:00
三田線,西高島平,07:31:00
山手線,内回り,07:32:00
三田線,日吉,07:32:00
山手線,外回り,07:33:00
南北線,鳩ヶ谷,07:34:00
山手線,内回り,07:35:00
山手線,外回り,07:36:00
南北線,日吉,07:36:00
三田線,西高島平,07:37:00
山手線,内回り,07:38:00
三田線,日吉,07:38:00
山手線,外回り,07:39:00
南北線,浦和美園,07:40:00
山手線,内回り,07:41:00
山手線,外回り,07:42:00
三田線,日吉,07:42:00
山手線,内回り,07:43:00
三田線,西高島平,07:43:00
南北線,日吉,07:44:00
山手線,外回り,07:45:00
山手線,内回り,07:46:00
南北線,浦和美園,07:46:00
三田線,日吉,07:47:00
山手線,外回り,07:48:00
三田線,西高島平,07:48:00
山手線,内回り,07:49:00
山手線,外回り,07:50:00
南北線,日吉,07:50:00
南北線,鳩ヶ谷,07:51:00
山手線,内回り,07:52:00
山手線,外回り,07:53:00
南北線,浦和美園,07:54:00
南北線,日吉,07:54:00
山手線,内回り,07:55:00
山手線,外回り,07:56:00
三田線,西高島平,07:56:00
三田線,日吉,07:56:00
山手線,内回り,07:57:00
山手線,外回り,07:59:00
南北線,浦和美園,07:59:00
山手線,内回り,08:00:00
南北線,日吉,08:00:00
南北線,鳩ヶ谷,08:01:00
山手線,外回り,08:02:00
山手線,内回り,08:03:00
三田線,日吉,08:03:00
三田線,西高島平,08:04:00
山手線,内回り,08:05:00
山手線,外回り,08:05:00
南北線,日吉,08:05:00
南北線,浦和美園,08:06:00
山手線,内回り,08:08:00
三田線,日吉,08:08:00
山手線,外回り,08:09:00
三田線,西高島平,08:09:00
南北線,武蔵小杉,08:10:00
山手線,内回り,08:11:00
三田線,高島平,08:11:00
山手線,外回り,08:12:00
山手線,内回り,08:13:00
三田線,日吉,08:14:00
南北線,鳩ヶ谷,08:14:00
山手線,外回り,08:15:00
山手線,内回り,08:16:00
三田線,日吉,08:16:00
三田線,西高島平,08:16:00
山手線,外回り・大崎,08:17:00
山手線,内回り,08:19:00
南北線,浦和美園,08:19:00
南北線,日吉,08:19:00
山手線,外回り,08:20:00
山手線,内回り,08:21:00
南北線,日吉,08:21:00
南北線,王子神谷,08:22:00
山手線,外回り,08:23:00
山手線,内回り,08:24:00
三田線,日吉,08:24:00
三田線,西高島平,08:24:00
山手線,外回り,08:26:00
南北線,日吉,08:26:00
山手線,内回り,08:27:00
南北線,浦和美園,08:27:00
山手線,内回り,08:29:00
山手線,外回り・大崎,08:29:00
三田線,日吉,08:29:00
三田線,高島平,08:29:00
山手線,内回り,08:32:00
山手線,外回り,08:32:00
三田線,西高島平,08:32:00
南北線,武蔵小杉,08:32:00
三田線,日吉,08:34:00
南北線,浦和美園,08:34:00
山手線,内回り,08:35:00
山手線,外回り,08:35:00
山手線,内回り,08:37:00
三田線,日吉,08:37:00
三田線,西高島平,08:37:00
山手線,外回り,08:38:00
南北線,日吉,08:39:00
山手線,内回り,08:40:00
南北線,浦和美園,08:40:00
山手線,外回り,08:41:00
南北線,鳩ヶ谷,08:42:00
南北線,武蔵小杉,08:42:00
山手線,内回り,08:43:00
山手線,外回り・大崎,08:44:00
山手線,内回り,08:45:00
三田線,日吉,08:45:00
三田線,西高島平,08:45:00
山手線,外回り,08:47:00
三田線,高島平,08:47:00
南北線,武蔵小杉,08:47:00
山手線,内回り,08:48:00
山手線,外回り,08:50:00
三田線,日吉,08:50:00
山手線,内回り,08:51:00
南北線,浦和美園,08:51:00
南北線,日吉,08:52:00
山手線,外回り・大崎,08:53:00
三田線,高島平,08:53:00
山手線,内回り,08:54:00
三田線,日吉,08:55:00
山手線,外回り,08:56:00
山手線,内回り,08:57:00
三田線,日吉,08:58:00
南北線,鳩ヶ谷,08:58:00
山手線,内回り,08:59:00
山手線,外回り,08:59:00
南北線,武蔵小杉,09:00:00
三田線,高島平,09:01:00
山手線,外回り,09:02:00
山手線,内回り,09:02:00
三田線,日吉,09:03:00
山手線,外回り・池袋,09:04:00
南北線,浦和美園,09:04:00
山手線,内回り,09:05:00
南北線,日吉,09:06:00
山手線,外回り・大崎,09:07:00
三田線,西高島平,09:07:00
山手線,内回り,09:08:00
三田線,武蔵小杉,09:09:00
山手線,内回り,09:10:00
山手線,外回り,09:10:00
三田線,高島平,09:10:00
山手線,内回り,09:13:00
山手線,外回り,09:13:00
三田線,日吉,09:13:00
南北線,鳩ヶ谷,09:13:00
南北線,武蔵小杉,09:15:00
山手線,内回り,09:16:00
山手線,外回り・池袋,09:16:00
三田線,高島平,09:17:00
南北線,武蔵小杉,09:18:00
山手線,内回り,09:19:00
山手線,外回り,09:19:00
南北線,浦和美園,09:20:00
山手線,内回り,09:21:00
三田線,日吉,09:21:00
山手線,外回り,09:23:00
三田線,西高島平,09:23:00
山手線,内回り,09:24:00
南北線,武蔵小杉,09:24:00
山手線,内回り,09:26:00
山手線,外回り,09:27:00
三田線,日吉,09:27:00
南北線,浦和美園,09:28:00
山手線,内回り,09:29:00
三田線,高島平,09:30:00
山手線,外回り,09:31:00
南北線,日吉,09:31:00
山手線,内回り,09:32:00
三田線,武蔵小杉,09:33:00
三田線,西高島平,09:34:00
山手線,内回り,09:35:00
山手線,外回り,09:35:00
南北線,武蔵小杉,09:36:00
山手線,内回り,09:37:00
三田線,西高島平,09:38:00
山手線,外回り・大崎,09:39:00
山手線,内回り,09:40:00
三田線,日吉,09:40:00
南北線,浦和美園,09:41:00
山手線,内回り,09:42:00
山手線,外回り,09:42:00
南北線,日吉,09:44:00
山手線,内回り,09:45:00
三田線,西高島平,09:45:00
山手線,外回り,09:46:00
山手線,内回り,09:48:00
三田線,日吉,09:49:00
三田線,西高島平,09:49:00
山手線,内回り,09:50:00
山手線,外回り,09:50:00
三田線,日吉,09:52:00
山手線,内回り,09:53:00
南北線,浦和美園,09:53:00
山手線,外回り,09:55:00
山手線,内回り,09:56:00
三田線,西高島平,09:57:00
山手線,内回り,09:58:00
南北線,武蔵小杉,09:58:00
山手線,外回り,09:59:00
山手線,内回り,10:01:00
山手線,外回り,10:04:00
山手線,内回り,10:04:00
三田線,西高島平,10:04:00
三田線,日吉,10:05:00
山手線,内回り,10:07:00
山手線,外回り,10:08:00
三田線,西高島平,10:08:00
三田線,日吉,10:09:00
山手線,内回り,10:10:00
南北線,浦和美園,10:11:00
山手線,外回り,10:13:00
山手線,内回り,10:13:00
南北線,日吉,10:13:00
山手線,内回り,10:15:00
山手線,外回り,10:17:00
山手線,内回り,10:18:00
三田線,高島平,10:18:00
山手線,内回り,10:21:00
三田線,日吉,10:21:00
山手線,外回り,10:22:00
南北線,浦和美園,10:22:00
山手線,内回り,10:24:00
南北線,日吉,10:25:00
山手線,外回り,10:26:00
山手線,内回り,10:27:00
三田線,西高島平,10:27:00
三田線,武蔵小杉,10:29:00
山手線,内回り,10:30:00
山手線,外回り,10:31:00
三田線,西高島平,10:32:00
山手線,内回り,10:34:00
三田線,日吉,10:34:00
山手線,外回り,10:35:00
三田線,西高島平,10:36:00
山手線,外回り,10:38:00
山手線,内回り,10:38:00
三田線,日吉,10:39:00
南北線,赤羽岩淵,10:39:00
山手線,外回り,10:42:00
山手線,内回り,10:42:00
南北線,武蔵小杉,10:44:00
山手線,内回り,10:45:00
山手線,外回り,10:47:00
三田線,西高島平,10:47:00
山手線,内回り,10:48:00
山手線,外回り,10:51:00
三田線,日吉,10:51:00
南北線,赤羽岩淵,10:51:00
山手線,内回り,10:52:00
三田線,西高島平,10:55:00
南北線,日吉,10:55:00
山手線,外回り,10:56:00
山手線,内回り,10:56:00
三田線,武蔵小杉,10:58:00
山手線,内回り,10:59:00
山手線,外回り,11:00:00
三田線,西高島平,11:01:00
山手線,内回り,11:02:00
三田線,日吉,11:04:00
山手線,外回り,11:05:00
山手線,内回り,11:06:00
三田線,西高島平,11:06:00
山手線,外回り,11:09:00
南北線,浦和美園,11:09:00
三田線,日吉,11:10:00
山手線,内回り,11:11:00
南北線,日吉,11:13:00
山手線,外回り,11:14:00
山手線,内回り,11:15:00
南北線,赤羽岩淵,11:15:00
山手線,外回り,11:18:00
南北線,日吉,11:19:00
山手線,内回り,11:20:00
南北線,浦和美園,11:21:00
山手線,外回り,11:22:00
山手線,内回り,11:24:00
三田線,西高島平,11:25:00
南北線,日吉,11:25:00
山手線,外回り,11:26:00
山手線,内回り,11:28:00
三田線,日吉,11:29:00
山手線,外回り,11:31:00
三田線,西高島平,11:31:00
山手線,内回り,11:32:00
三田線,日吉,11:34:00
山手線,外回り,11:35:00
三田線,西高島平,11:36:00
山手線,内回り,11:37:00
南北線,赤羽岩淵,11:39:00
山手線,外回り,11:40:00
三田線,日吉,11:40:00
山手線,内回り,11:41:00
山手線,外回り,11:44:00
南北線,日吉,11:44:00
山手線,内回り,11:45:00
南北線,浦和美園,11:45:00
山手線,外回り,11:49:00
南北線,日吉,11:49:00
山手線,内回り,11:50:00
南北線,赤羽岩淵,11:51:00
山手線,外回り,11:53:00
山手線,内回り,11:54:00
三田線,西高島平,11:55:00
南北線,日吉,11:55:00
山手線,外回り,11:57:00
山手線,内回り,11:58:00
三田線,日吉,11:59:00
山手線,外回り,12:01:00
三田線,西高島平,12:01:00
山手線,内回り,12:02:00
三田線,日吉,12:04:00
山手線,外回り,12:06:00
三田線,西高島平,12:06:00
山手線,内回り,12:07:00
南北線,浦和美園,12:09:00
山手線,外回り,12:10:00
三田線,日吉,12:10:00
山手線,内回り,12:11:00
山手線,外回り,12:14:00
南北線,日吉,12:14:00
南北線,赤羽岩淵,12:15:00
山手線,内回り,12:16:00
山手線,外回り,12:19:00
南北線,日吉,12:19:00
山手線,内回り,12:20:00
南北線,浦和美園,12:21:00
山手線,外回り,12:23:00
山手線,内回り,12:25:00
三田線,西高島平,12:25:00
南北線,日吉,12:25:00
山手線,外回り,12:27:00
山手線,内回り,12:29:00
三田線,日吉,12:29:00
山手線,外回り,12:31:00
三田線,西高島平,12:31:00
山手線,内回り,12:34:00
三田線,日吉,12:34:00
山手線,外回り,12:36:00
三田線,西高島平,12:36:00
山手線,内回り,12:38:00
南北線,赤羽岩淵,12:39:00
山手線,外回り,12:40:00
三田線,日吉,12:40:00
山手線,内回り,12:42:00
南北線,日吉,12:44:00
山手線,外回り,12:45:00
南北線,浦和美園,12:45:00
山手線,内回り,12:47:00
山手線,外回り,12:49:00
南北線,日吉,12:49:00
山手線,内回り,12:51:00
南北線,赤羽岩淵,12:51:00
山手線,外回り,12:54:00
山手線,内回り,12:55:00
三田線,西高島平,12:55:00
南北線,日吉,12:55:00
山手線,外回り,12:58:00
山手線,内回り,12:59:00
三田線,日吉,12:59:00
三田線,西高島平,13:01:00
山手線,外回り,13:02:00
山手線,内回り,13:03:00
三田線,日吉,13:04:00
山手線,外回り,13:06:00
三田線,西高島平,13:06:00
山手線,内回り,13:08:00
南北線,浦和美園,13:09:00
三田線,日吉,13:10:00
山手線,外回り,13:11:00
山手線,内回り,13:12:00
南北線,日吉,13:14:00
山手線,外回り,13:15:00
南北線,赤羽岩淵,13:15:00
山手線,内回り,13:16:00
山手線,外回り,13:19:00
南北線,日吉,13:19:00
山手線,内回り,13:21:00
南北線,浦和美園,13:21:00
山手線,外回り,13:24:00
山手線,内回り,13:25:00
三田線,西高島平,13:25:00
南北線,日吉,13:25:00
山手線,外回り,13:28:00
三田線,日吉,13:29:00
山手線,内回り,13:30:00
三田線,西高島平,13:31:00
山手線,外回り,13:32:00
山手線,内回り,13:34:00
三田線,日吉,13:34:00
山手線,外回り,13:36:00
三田線,西高島平,13:36:00
山手線,内回り,13:39:00
南北線,赤羽岩淵,13:39:00
三田線,日吉,13:40:00
山手線,外回り,13:41:00
山手線,内回り,13:43:00
南北線,日吉,13:44:00
山手線,外回り,13:45:00
南北線,浦和美園,13:45:00
山手線,内回り,13:47:00
南北線,日吉,13:49:00
山手線,外回り,13:50:00
南北線,赤羽岩淵,13:51:00
山手線,内回り,13:52:00
山手線,外回り,13:54:00
三田線,西高島平,13:55:00
南北線,日吉,13:55:00
山手線,内回り,13:56:00
山手線,外回り,13:58:00
三田線,日吉,13:59:00
山手線,内回り,14:00:00
三田線,西高島平,14:01:00
山手線,外回り,14:02:00
山手線,内回り,14:04:00
三田線,日吉,14:04:00
三田線,西高島平,14:06:00
山手線,外回り,14:07:00
山手線,内回り,14:08:00
南北線,浦和美園,14:09:00
三田線,日吉,14:10:00
山手線,外回り,14:11:00
山手線,内回り,14:13:00
南北線,日吉,14:14:00
山手線,外回り,14:15:00
南北線,赤羽岩淵,14:15:00
山手線,内回り,14:17:00
山手線,外回り,14:19:00
南北線,日吉,14:19:00
山手線,内回り,14:21:00
南北線,浦和美園,14:21:00
山手線,外回り,14:24:00
三田線,西高島平,14:25:00
南北線,日吉,14:25:00
山手線,内回り,14:26:00
山手線,外回り,14:28:00
三田線,日吉,14:29:00
山手線,内回り,14:30:00
三田線,西高島平,14:31:00
山手線,外回り,14:33:00
三田線,日吉,14:34:00
山手線,内回り,14:35:00
三田線,西高島平,14:36:00
山手線,外回り,14:37:00
山手線,内回り,14:39:00
南北線,赤羽岩淵,14:39:00
三田線,日吉,14:40:00
山手線,外回り,14:42:00
山手線,内回り,14:44:00
南北線,日吉,14:44:00
南北線,浦和美園,14:45:00
山手線,外回り,14:46:00
山手線,内回り,14:48:00
南北線,日吉,14:49:00
山手線,外回り,14:50:00
南北線,赤羽岩淵,14:51:00
山手線,内回り,14:52:00
山手線,外回り,14:54:00
三田線,西高島平,14:55:00
南北線,日吉,14:55:00
山手線,内回り,14:57:00
山手線,外回り,14:59:00
三田線,日吉,14:59:00
山手線,内回り,15:01:00
三田線,西高島平,15:01:00
山手線,外回り,15:03:00
三田線,日吉,15:04:00
山手線,内回り,15:05:00
三田線,西高島平,15:06:00
山手線,外回り,15:07:00
山手線,内回り,15:09:00
南北線,浦和美園,15:09:00
三田線,日吉,15:10:00
山手線,外回り,15:12:00
山手線,内回り,15:13:00
南北線,日吉,15:14:00
南北線,赤羽岩淵,15:15:00
山手線,外回り,15:16:00
山手線,内回り,15:18:00
南北線,日吉,15:19:00
山手線,外回り,15:20:00
南北線,浦和美園,15:21:00
山手線,内回り,15:22:00
山手線,外回り,15:24:00
三田線,西高島平,15:25:00
南北線,日吉,15:25:00
山手線,内回り,15:26:00
山手線,外回り,15:29:00
三田線,日吉,15:29:00
山手線,内回り,15:31:00
三田線,西高島平,15:31:00
山手線,外回り,15:33:00
三田線,日吉,15:34:00
山手線,内回り,15:35:00
三田線,西高島平,15:36:00
山手線,外回り,15:38:00
南北線,赤羽岩淵,15:39:00
山手線,内回り,15:40:00
三田線,日吉,15:40:00
山手線,外回り,15:42:00
山手線,内回り,15:44:00
南北線,日吉,15:44:00
南北線,浦和美園,15:45:00
山手線,外回り,15:47:00
山手線,内回り,15:49:00
南北線,日吉,15:49:00
山手線,外回り,15:51:00
南北線,赤羽岩淵,15:51:00
山手線,内回り,15:53:00
山手線,外回り,15:55:00
三田線,西高島平,15:55:00
南北線,日吉,15:55:00
山手線,内回り,15:58:00
山手線,外回り,15:58:00
三田線,日吉,15:59:00
山手線,外回り,16:01:00
三田線,西高島平,16:01:00
山手線,内回り,16:03:00
三田線,日吉,16:04:00
山手線,外回り,16:05:00
三田線,西高島平,16:06:00
山手線,内回り,16:07:00
山手線,外回り,16:09:00
南北線,赤羽岩淵,16:09:00
山手線,内回り,16:10:00
三田線,日吉,16:10:00
山手線,外回り,16:12:00
南北線,日吉,16:14:00
山手線,内回り,16:15:00
山手線,外回り,16:15:00
南北線,浦和美園,16:15:00
山手線,外回り,16:18:00
山手線,内回り,16:19:00
南北線,日吉,16:19:00
南北線,浦和美園,16:21:00
山手線,外回り,16:22:00
山手線,内回り,16:23:00
三田線,西高島平,16:25:00
南北線,日吉,16:25:00
山手線,外回り,16:26:00
山手線,内回り,16:27:00
山手線,外回り,16:29:00
三田線,日吉,16:29:00
山手線,内回り,16:31:00
三田線,西高島平,16:31:00
山手線,外回り,16:32:00
山手線,内回り,16:34:00
三田線,日吉,16:34:00
山手線,外回り,16:35:00
三田線,西高島平,16:36:00
山手線,内回り,16:37:00
南北線,浦和美園,16:39:00
山手線,内回り,16:40:00
山手線,外回り,16:40:00
三田線,日吉,16:40:00
山手線,内回り,16:44:00
山手線,外回り,16:44:00
南北線,日吉,16:44:00
南北線,浦和美園,16:46:00
山手線,内回り,16:47:00
山手線,外回り,16:48:00
南北線,日吉,16:49:00
山手線,内回り,16:50:00
山手線,外回り,16:50:00
南北線,浦和美園,16:52:00
山手線,内回り,16:54:00
山手線,外回り,16:54:00
南北線,日吉,16:55:00
三田線,西高島平,16:56:00
山手線,内回り,16:57:00
山手線,外回り,16:57:00
三田線,日吉,16:58:00
山手線,内回り,17:00:00
山手線,外回り,17:01:00
三田線,西高島平,17:02:00
山手線,内回り,17:03:00
山手線,外回り,17:04:00
三田線,日吉,17:04:00
山手線,内回り,17:07:00
山手線,外回り,17:07:00
三田線,西高島平,17:07:00
山手線,内回り,17:10:00
山手線,外回り,17:10:00
三田線,日吉,17:10:00
南北線,浦和美園,17:10:00
山手線,内回り,17:13:00
南北線,日吉,17:13:00
山手線,外回り,17:14:00
南北線,浦和美園,17:16:00
山手線,内回り,17:17:00
山手線,外回り,17:17:00
南北線,日吉,17:18:00
山手線,内回り,17:20:00
山手線,外回り,17:21:00
南北線,浦和美園,17:21:00
山手線,内回り,17:24:00
山手線,外回り,17:24:00
南北線,日吉,17:24:00
三田線,西高島平,17:25:00
山手線,内回り,17:27:00
山手線,外回り,17:27:00
三田線,日吉,17:28:00
南北線,浦和美園,17:28:00
山手線,外回り,17:30:00
山手線,内回り,17:31:00
三田線,西高島平,17:31:00
南北線,日吉,17:31:00
南北線,浦和美園,17:33:00
山手線,内回り,17:34:00
山手線,外回り,17:34:00
南北線,日吉,17:36:00
山手線,外回り,17:37:00
山手線,内回り,17:38:00
南北線,浦和美園,17:38:00
山手線,内回り,17:41:00
山手線,外回り,17:41:00
三田線,西高島平,17:41:00
南北線,日吉,17:42:00
山手線,内回り,17:44:00
南北線,浦和美園,17:44:00
山手線,外回り,17:45:00
三田線,日吉,17:45:00
山手線,内回り,17:47:00
山手線,外回り,17:48:00
三田線,日吉,17:49:00
三田線,西高島平,17:49:00
山手線,内回り,17:51:00
山手線,外回り,17:52:00
南北線,浦和美園,17:53:00
南北線,日吉,17:53:00
山手線,内回り,17:54:00
山手線,外回り,17:55:00
三田線,日吉,17:56:00
山手線,内回り,17:57:00
山手線,外回り,17:58:00
南北線,浦和美園,17:58:00
南北線,日吉,18:00:00
山手線,内回り,18:01:00
山手線,外回り,18:02:00
南北線,浦和美園,18:03:00
山手線,内回り,18:04:00
山手線,外回り,18:05:00
南北線,日吉,18:05:00
三田線,西高島平,18:06:00
山手線,内回り,18:07:00
山手線,外回り,18:08:00
三田線,日吉,18:08:00
三田線,高島平,18:09:00
山手線,内回り,18:10:00
山手線,外回り,18:11:00
南北線,日吉,18:13:00
山手線,内回り,18:14:00
南北線,浦和美園,18:14:00
山手線,外回り,18:15:00
山手線,内回り,18:17:00
山手線,外回り,18:18:00
南北線,浦和美園,18:18:00
南北線,日吉,18:18:00
山手線,内回り,18:21:00
山手線,外回り,18:21:00
三田線,日吉,18:21:00
南北線,浦和美園,18:21:00
山手線,内回り,18:24:00
山手線,外回り,18:24:00
三田線,西高島平,18:24:00
南北線,日吉,18:24:00
山手線,内回り,18:27:00
南北線,武蔵小杉,18:27:00
山手線,外回り,18:28:00
南北線,浦和美園,18:28:00
山手線,内回り,18:30:00
三田線,日吉,18:30:00
山手線,外回り,18:31:00
三田線,西高島平,18:31:00
南北線,日吉,18:33:00
山手線,内回り,18:34:00
山手線,外回り,18:34:00
南北線,浦和美園,18:34:00
三田線,日吉,18:36:00
山手線,内回り,18:37:00
山手線,外回り,18:37:00
三田線,西高島平,18:39:00
南北線,日吉,18:40:00
山手線,内回り,18:41:00
山手線,外回り,18:41:00
南北線,浦和美園,18:43:00
山手線,内回り,18:44:00
山手線,外回り,18:44:00
三田線,日吉,18:44:00
山手線,内回り,18:47:00
山手線,外回り,18:48:00
南北線,浦和美園,18:48:00
南北線,日吉,18:49:00
山手線,内回り,18:51:00
山手線,外回り,18:51:00
三田線,西高島平,18:51:00
山手線,内回り,18:54:00
三田線,日吉,18:54:00
山手線,外回り,18:55:00
三田線,西高島平,18:55:00
山手線,内回り,18:58:00
山手線,外回り,18:58:00
南北線,浦和美園,18:58:00
南北線,武蔵小杉,18:58:00
山手線,内回り,19:01:00
三田線,日吉,19:01:00
山手線,外回り,19:02:00
南北線,浦和美園,19:03:00
山手線,内回り,19:04:00
山手線,外回り,19:05:00
南北線,日吉,19:05:00
三田線,高島平,19:06:00
山手線,内回り,19:07:00
山手線,外回り,19:08:00
三田線,日吉,19:09:00
山手線,内回り,19:10:00
南北線,浦和美園,19:10:00
山手線,外回り,19:11:00
南北線,日吉,19:13:00
山手線,内回り,19:14:00
山手線,外回り,19:15:00
三田線,西高島平,19:15:00
山手線,内回り,19:17:00
南北線,日吉,19:17:00
山手線,外回り,19:18:00
南北線,浦和美園,19:19:00
山手線,内回り,19:21:00
山手線,外回り,19:21:00
南北線,武蔵小杉,19:21:00
山手線,内回り,19:24:00
山手線,外回り,19:24:00
三田線,日吉,19:24:00
南北線,浦和美園,19:24:00
山手線,内回り,19:28:00
山手線,外回り,19:28:00
三田線,西高島平,19:28:00
南北線,日吉,19:29:00
南北線,浦和美園,19:30:00
山手線,内回り,19:31:00
山手線,外回り,19:31:00
南北線,日吉,19:33:00
山手線,内回り,19:34:00
山手線,外回り,19:34:00
三田線,西高島平,19:35:00
三田線,日吉,19:36:00
山手線,内回り,19:37:00
山手線,外回り,19:37:00
南北線,浦和美園,19:40:00
南北線,武蔵小杉,19:40:00
山手線,内回り,19:41:00
山手線,外回り,19:41:00
三田線,高島平,19:43:00
山手線,内回り,19:44:00
山手線,外回り,19:44:00
三田線,日吉,19:46:00
山手線,外回り,19:47:00
南北線,浦和美園,19:47:00
山手線,内回り,19:48:00
三田線,日吉,19:50:00
山手線,外回り,19:51:00
山手線,内回り,19:52:00
三田線,西高島平,19:53:00
南北線,日吉,19:53:00
山手線,外回り,19:54:00
山手線,内回り,19:55:00
三田線,日吉,19:57:00
山手線,内回り,19:58:00
山手線,外回り,19:58:00
南北線,浦和美園,19:58:00
山手線,外回り,20:01:00
山手線,内回り,20:02:00
三田線,西高島平,20:03:00
南北線,日吉,20:04:00
山手線,内回り,20:05:00
山手線,外回り,20:05:00
山手線,外回り,20:08:00
三田線,西高島平,20:08:00
山手線,内回り,20:09:00
三田線,武蔵小杉,20:09:00
山手線,外回り,20:11:00
南北線,浦和美園,20:11:00
山手線,内回り,20:12:00
南北線,日吉,20:12:00
山手線,内回り,20:14:00
三田線,日吉,20:14:00
山手線,外回り,20:15:00
三田線,西高島平,20:15:00
山手線,内回り,20:18:00
山手線,外回り,20:18:00
南北線,王子神谷,20:18:00
南北線,日吉,20:18:00
山手線,外回り,20:21:00
山手線,内回り,20:22:00
三田線,西高島平,20:22:00
三田線,日吉,20:23:00
山手線,外回り・大崎,20:24:00
山手線,内回り,20:25:00
三田線,西高島平,20:27:00
山手線,外回り,20:28:00
南北線,日吉,20:28:00
山手線,内回り,20:29:00
南北線,浦和美園,20:30:00
山手線,外回り,20:31:00
三田線,武蔵小杉,20:32:00
山手線,内回り,20:33:00
山手線,外回り,20:34:00
南北線,浦和美園,20:35:00
南北線,日吉,20:35:00
山手線,内回り,20:36:00
山手線,外回り,20:37:00
山手線,内回り,20:39:00
三田線,日吉,20:40:00
山手線,外回り,20:41:00
三田線,西高島平,20:41:00
山手線,内回り,20:42:00
山手線,外回り,20:44:00
三田線,日吉,20:44:00
山手線,内回り,20:46:00
山手線,外回り,20:47:00
三田線,西高島平,20:48:00
山手線,内回り,20:49:00
南北線,日吉,20:49:00
山手線,外回り,20:50:00
南北線,王子神谷,20:51:00
山手線,内回り,20:53:00
山手線,外回り,20:54:00
三田線,日吉,20:55:00
山手線,内回り,20:57:00
山手線,外回り,20:57:00
三田線,西高島平,20:59:00
山手線,内回り,21:00:00
南北線,日吉,21:00:00
山手線,外回り・大崎,21:01:00
南北線,浦和美園,21:02:00
山手線,内回り,21:03:00
山手線,外回り,21:04:00
山手線,内回り,21:05:00
南北線,日吉,21:05:00
山手線,外回り,21:08:00
南北線,浦和美園,21:08:00
山手線,内回り,21:09:00
三田線,日吉,21:10:00
山手線,外回り・大崎,21:11:00
山手線,内回り,21:13:00
三田線,西高島平,21:14:00
山手線,外回り,21:15:00
三田線,日吉,21:15:00
山手線,内回り,21:17:00
南北線,浦和美園,21:17:00
山手線,外回り,21:18:00
南北線,日吉,21:20:00
山手線,内回り,21:21:00
山手線,外回り,21:22:00
三田線,西高島平,21:22:00
山手線,内回り,21:25:00
山手線,外回り,21:25:00
三田線,日吉,21:25:00
山手線,内回り,21:29:00
山手線,外回り,21:29:00
南北線,浦和美園,21:29:00
山手線,内回り,21:32:00
南北線,日吉,21:32:00
山手線,外回り,21:34:00
三田線,西高島平,21:34:00
三田線,日吉,21:35:00
山手線,内回り,21:37:00
南北線,浦和美園,21:37:00
山手線,外回り,21:38:00
山手線,内回り,21:41:00
山手線,外回り,21:41:00
三田線,日吉,21:41:00
三田線,西高島平,21:43:00
山手線,外回り,21:44:00
山手線,内回り,21:45:00
南北線,日吉,21:46:00
山手線,外回り,21:48:00
山手線,内回り,21:49:00
南北線,浦和美園,21:49:00
三田線,日吉,21:50:00
山手線,外回り,21:51:00
山手線,内回り,21:53:00
山手線,外回り,21:54:00
三田線,西高島平,21:54:00
南北線,日吉,21:54:00
山手線,内回り,21:57:00
南北線,浦和美園,21:57:00
山手線,外回り,21:58:00
山手線,内回り,22:01:00
南北線,日吉,22:01:00
山手線,外回り,22:02:00
南北線,浦和美園,22:03:00
山手線,内回り,22:06:00
山手線,外回り,22:06:00
三田線,日吉,22:07:00
三田線,西高島平,22:08:00
山手線,内回り,22:09:00
山手線,外回り,22:11:00
山手線,内回り,22:12:00
三田線,日吉,22:13:00
三田線,西高島平,22:15:00
山手線,外回り,22:16:00
山手線,内回り,22:18:00
三田線,日吉,22:19:00
南北線,浦和美園,22:19:00
山手線,外回り・大崎,22:21:00
南北線,日吉,22:22:00
山手線,内回り,22:23:00
三田線,西高島平,22:23:00
山手線,外回り,22:25:00
山手線,内回り,22:28:00
山手線,外回り,22:28:00
三田線,西高島平,22:28:00
三田線,日吉,22:29:00
山手線,外回り,22:32:00
南北線,浦和美園,22:32:00
山手線,内回り,22:33:00
三田線,日吉,22:35:00
山手線,内回り,22:36:00
山手線,外回り,22:37:00
三田線,西高島平,22:38:00
山手線,内回り,22:39:00
山手線,外回り,22:41:00
三田線,日吉,22:41:00
山手線,内回り,22:44:00
山手線,外回り・大崎,22:45:00
三田線,西高島平,22:45:00
南北線,日吉,22:47:00
山手線,内回り,22:48:00
山手線,外回り,22:48:00
山手線,外回り,22:52:00
山手線,内回り,22:53:00
南北線,浦和美園,22:53:00
南北線,日吉,22:53:00
山手線,外回り,22:55:00
三田線,日吉,22:56:00
山手線,内回り,22:57:00
山手線,外回り,22:59:00
三田線,西高島平,23:00:00
南北線,日吉,23:00:00
山手線,内回り,23:01:00
南北線,浦和美園,23:02:00
山手線,内回り,23:04:00
山手線,外回り・大崎,23:04:00
山手線,外回り,23:07:00
三田線,日吉,23:07:00
三田線,西高島平,23:09:00
山手線,内回り,23:10:00
山手線,外回り・池袋,23:11:00
南北線,日吉,23:14:00
山手線,内回り,23:15:00
山手線,外回り・大崎,23:15:00
南北線,浦和美園,23:16:00
山手線,内回り,23:19:00
山手線,外回り,23:20:00
三田線,日吉,23:21:00
三田線,西高島平,23:24:00
山手線,内回り,23:25:00
山手線,外回り・大崎,23:26:00
三田線,日吉,23:29:00
山手線,内回り,23:31:00
山手線,外回り・池袋,23:32:00
三田線,西高島平,23:33:00
南北線,日吉,23:34:00
山手線,内回り,23:36:00
山手線,外回り,23:36:00
南北線,浦和美園,23:37:00
三田線,日吉,23:39:00
山手線,外回り・大崎,23:40:00
三田線,西高島平,23:40:00
山手線,内回り,23:43:00
山手線,外回り・大崎,23:45:00
山手線,内回り,23:47:00
南北線,浦和美園,23:47:00
山手線,外回り・品川,23:49:00
南北線,日吉,23:49:00
山手線,内回り,23:52:00
三田線,高島平,23:54:00
山手線,外回り・品川,23:55:00
山手線,内回り,23:57:00
山手線,外回り・池袋,23:59:00
南北線,日吉,23:59:00
山手線,内回り,24:01:00
南北線,日吉,24:04:00
山手線,内回り,24:05:00
山手線,内回り,24:12:00
三田線,日吉,24:13:00
山手線,内回り,24:18:00
南北線,日吉,24:21:00
山手線,内回り,24:27:00
南北線,日吉,24:28:00
山手線,内回り,24:33:00
山手線,内回り,24:38:00
山手線,内回り,24:44:00
山手線,内回り,24:58:00
